{
  "cities": [
    {
      "id": 3,
      "name": "Addis_Ababa",
      "timezone": "Africa/Addis_Ababa"
    },
    {
      "id": 4,
      "name": "Algiers",
      "timezone": "Africa/Algiers"
    },
    {
      "id": 5,
      "name": "Asmara",
      "timezone": "Africa/Asmara"
    },
    {
      "id": 6,
      "name": "Asmera",
      "timezone": "Africa/Asmera"
    },
    {
      "id": 7,
      "name": "Bamako",
      "timezone": "Africa/Bamako"
    },
    {
      "id": 8,
      "name": "Bangui",
      "timezone": "Africa/Bangui"
    },
    {
      "id": 9,
      "name": "Banjul",
      "timezone": "Africa/Banjul"
    },
    {
      "id": 10,
      "name": "Bissau",
      "timezone": "Africa/Bissau"
    },
    {
      "id": 11,
      "name": "Blantyre",
      "timezone": "Africa/Blantyre"
    },
    {
      "id": 12,
      "name": "Brazzaville",
      "timezone": "Africa/Brazzaville"
    },
    {
      "id": 13,
      "name": "Bujumbura",
      "timezone": "Africa/Bujumbura"
    },
    {
      "id": 14,
      "name": "Cairo",
      "timezone": "Africa/Cairo"
    },
    {
      "id": 15,
      "name": "Casablanca",
      "timezone": "Africa/Casablanca"
    },
    {
      "id": 16,
      "name": "Ceuta",
      "timezone": "Africa/Ceuta"
    },
    {
      "id": 17,
      "name": "Conakry",
      "timezone": "Africa/Conakry"
    },
    {
      "id": 18,
      "name": "Dakar",
      "timezone": "Africa/Dakar"
    },
    {
      "id": 19,
      "name": "Dar_es_Salaam",
      "timezone": "Africa/Dar_es_Salaam"
    },
    {
      "id": 20,
      "name": "Djibouti",
      "timezone": "Africa/Djibouti"
    },
    {
      "id": 21,
      "name": "Douala",
      "timezone": "Africa/Douala"
    },
    {
      "id": 22,
      "name": "El_Aaiun",
      "timezone": "Africa/El_Aaiun"
    },
    {
      "id": 23,
      "name": "Freetown",
      "timezone": "Africa/Freetown"
    },
    {
      "id": 24,
      "name": "Gaborone",
      "timezone": "Africa/Gaborone"
    },
    {
      "id": 25,
      "name": "Harare",
      "timezone": "Africa/Harare"
    },
    {
      "id": 26,
      "name": "Johannesburg",
      "timezone": "Africa/Johannesburg"
    },
    {
      "id": 27,
      "name": "Juba",
      "timezone": "Africa/Juba"
    },
    {
      "id": 28,
      "name": "Kampala",
      "timezone": "Africa/Kampala"
    },
    {
      "id": 29,
      "name": "Khartoum",
      "timezone": "Africa/Khartoum"
    },
    {
      "id": 30,
      "name": "Kigali",
      "timezone": "Africa/Kigali"
    },
    {
      "id": 31,
      "name": "Kinshasa",
      "timezone": "Africa/Kinshasa"
    },
    {
      "id": 32,
      "name": "Lagos",
      "timezone": "Africa/Lagos"
    },
    {
      "id": 33,
      "name": "Libreville",
      "timezone": "Africa/Libreville"
    },
    {
      "id": 34,
      "name": "Lome",
      "timezone": "Africa/Lome"
    },
    {
      "id": 35,
      "name": "Luanda",
      "timezone": "Africa/Luanda"
    },
    {
      "id": 36,
      "name": "Lubumbashi",
      "timezone": "Africa/Lubumbashi"
    },
    {
      "id": 37,
      "name": "Lusaka",
      "timezone": "Africa/Lusaka"
    },
    {
      "id": 38,
      "name": "Malabo",
      "timezone": "Africa/Malabo"
    },
    {
      "id": 39,
      "name": "Maputo",
      "timezone": "Africa/Maputo"
    },
    {
      "id": 40,
      "name": "Maseru",
      "timezone": "Africa/Maseru"
    },
    {
      "id": 41,
      "name": "Mbabane",
      "timezone": "Africa/Mbabane"
    },
    {
      "id": 42,
      "name": "Mogadishu",
      "timezone": "Africa/Mogadishu"
    },
    {
      "id": 43,
      "name": "Monrovia",
      "timezone": "Africa/Monrovia"
    },
    {
      "id": 44,
      "name": "Nairobi",
      "timezone": "Africa/Nairobi"
    },
    {
      "id": 45,
      "name": "Ndjamena",
      "timezone": "Africa/Ndjamena"
    },
    {
      "id": 46,
      "name": "Niamey",
      "timezone": "Africa/Niamey"
    },
    {
      "id": 47,
      "name": "Nouakchott",
      "timezone": "Africa/Nouakchott"
    },
    {
      "id": 48,
      "name": "Ouagadougou",
      "timezone": "Africa/Ouagadougou"
    },
    {
      "id": 49,
      "name": "Porto-Novo",
      "timezone": "Africa/Porto-Novo"
    },
    {
      "id": 50,
      "name": "Sao_Tome",
      "timezone": "Africa/Sao_Tome"
    },
    {
      "id": 51,
      "name": "Timbuktu",
      "timezone": "Africa/Timbuktu"
    },
    {
      "id": 52,
      "name": "Tripoli",
      "timezone": "Africa/Tripoli"
    },
    {
      "id": 53,
      "name": "Tunis",
      "timezone": "Africa/Tunis"
    },
    {
      "id": 54,
      "name": "Windhoek",
      "timezone": "Africa/Windhoek"
    },
    {
      "id": 55,
      "name": "Adak",
      "timezone": "America/Adak"
    },
    {
      "id": 56,
      "name": "Anchorage",
      "timezone": "America/Anchorage"
    },
    {
      "id": 57,
      "name": "Anguilla",
      "timezone": "America/Anguilla"
    },
    {
      "id": 58,
      "name": "Antigua",
      "timezone": "America/Antigua"
    },
    {
      "id": 59,
      "name": "Araguaina",
      "timezone": "America/Araguaina"
    },
    {
      "id": 60,
      "name": "Argentina",
      "timezone": "America/Argentina/Buenos_Aires"
    },
    {
      "id": 61,
      "name": "Argentina",
      "timezone": "America/Argentina/Catamarca"
    },
    {
      "id": 62,
      "name": "Argentina",
      "timezone": "America/Argentina/ComodRivadavia"
    },
    {
      "id": 63,
      "name": "Argentina",
      "timezone": "America/Argentina/Cordoba"
    },
    {
      "id": 64,
      "name": "Argentina",
      "timezone": "America/Argentina/Jujuy"
    },
    {
      "id": 65,
      "name": "Argentina",
      "timezone": "America/Argentina/La_Rioja"
    },
    {
      "id": 66,
      "name": "Argentina",
      "timezone": "America/Argentina/Mendoza"
    },
    {
      "id": 67,
      "name": "Argentina",
      "timezone": "America/Argentina/Rio_Gallegos"
    },
    {
      "id": 68,
      "name": "Argentina",
      "timezone": "America/Argentina/Salta"
    },
    {
      "id": 69,
      "name": "Argentina",
      "timezone": "America/Argentina/San_Juan"
    },
    {
      "id": 70,
      "name": "Argentina",
      "timezone": "America/Argentina/San_Luis"
    },
    {
      "id": 71,
      "name": "Argentina",
      "timezone": "America/Argentina/Tucuman"
    },
    {
      "id": 72,
      "name": "Argentina",
      "timezone": "America/Argentina/Ushuaia"
    },
    {
      "id": 73,
      "name": "Aruba",
      "timezone": "America/Aruba"
    },
    {
      "id": 74,
      "name": "Asuncion",
      "timezone": "America/Asuncion"
    },
    {
      "id": 75,
      "name": "Atikokan",
      "timezone": "America/Atikokan"
    },
    {
      "id": 76,
      "name": "Atka",
      "timezone": "America/Atka"
    },
    {
      "id": 77,
      "name": "Bahia",
      "timezone": "America/Bahia"
    },
    {
      "id": 78,
      "name": "Bahia_Banderas",
      "timezone": "America/Bahia_Banderas"
    },
    {
      "id": 79,
      "name": "Barbados",
      "timezone": "America/Barbados"
    },
    {
      "id": 80,
      "name": "Belem",
      "timezone": "America/Belem"
    },
    {
      "id": 81,
      "name": "Belize",
      "timezone": "America/Belize"
    },
    {
      "id": 82,
      "name": "Blanc-Sablon",
      "timezone": "America/Blanc-Sablon"
    },
    {
      "id": 83,
      "name": "Boa_Vista",
      "timezone": "America/Boa_Vista"
    },
    {
      "id": 84,
      "name": "Bogota",
      "timezone": "America/Bogota"
    },
    {
      "id": 85,
      "name": "Boise",
      "timezone": "America/Boise"
    },
    {
      "id": 86,
      "name": "Buenos_Aires",
      "timezone": "America/Buenos_Aires"
    },
    {
      "id": 87,
      "name": "Cambridge_Bay",
      "timezone": "America/Cambridge_Bay"
    },
    {
      "id": 88,
      "name": "Campo_Grande",
      "timezone": "America/Campo_Grande"
    },
    {
      "id": 89,
      "name": "Cancun",
      "timezone": "America/Cancun"
    },
    {
      "id": 90,
      "name": "Caracas",
      "timezone": "America/Caracas"
    },
    {
      "id": 91,
      "name": "Catamarca",
      "timezone": "America/Catamarca"
    },
    {
      "id": 92,
      "name": "Cayenne",
      "timezone": "America/Cayenne"
    },
    {
      "id": 93,
      "name": "Cayman",
      "timezone": "America/Cayman"
    },
    {
      "id": 94,
      "name": "Chicago",
      "timezone": "America/Chicago"
    },
    {
      "id": 95,
      "name": "Chihuahua",
      "timezone": "America/Chihuahua"
    },
    {
      "id": 96,
      "name": "Ciudad_Juarez",
      "timezone": "America/Ciudad_Juarez"
    },
    {
      "id": 97,
      "name": "Coral_Harbour",
      "timezone": "America/Coral_Harbour"
    },
    {
      "id": 98,
      "name": "Cordoba",
      "timezone": "America/Cordoba"
    },
    {
      "id": 99,
      "name": "Costa_Rica",
      "timezone": "America/Costa_Rica"
    },
    {
      "id": 100,
      "name": "Creston",
      "timezone": "America/Creston"
    },
    {
      "id": 101,
      "name": "Cuiaba",
      "timezone": "America/Cuiaba"
    },
    {
      "id": 102,
      "name": "Curacao",
      "timezone": "America/Curacao"
    },
    {
      "id": 103,
      "name": "Danmarkshavn",
      "timezone": "America/Danmarkshavn"
    },
    {
      "id": 104,
      "name": "Dawson",
      "timezone": "America/Dawson"
    },
    {
      "id": 105,
      "name": "Dawson_Creek",
      "timezone": "America/Dawson_Creek"
    },
    {
      "id": 106,
      "name": "Denver",
      "timezone": "America/Denver"
    },
    {
      "id": 107,
      "name": "Detroit",
      "timezone": "America/Detroit"
    },
    {
      "id": 108,
      "name": "Dominica",
      "timezone": "America/Dominica"
    },
    {
      "id": 109,
      "name": "Edmonton",
      "timezone": "America/Edmonton"
    },
    {
      "id": 110,
      "name": "Eirunepe",
      "timezone": "America/Eirunepe"
    },
    {
      "id": 111,
      "name": "El_Salvador",
      "timezone": "America/El_Salvador"
    },
    {
      "id": 112,
      "name": "Ensenada",
      "timezone": "America/Ensenada"
    },
    {
      "id": 113,
      "name": "Fort_Nelson",
      "timezone": "America/Fort_Nelson"
    },
    {
      "id": 114,
      "name": "Fort_Wayne",
      "timezone": "America/Fort_Wayne"
    },
    {
      "id": 115,
      "name": "Fortaleza",
      "timezone": "America/Fortaleza"
    },
    {
      "id": 116,
      "name": "Glace_Bay",
      "timezone": "America/Glace_Bay"
    },
    {
      "id": 117,
      "name": "Godthab",
      "timezone": "America/Godthab"
    },
    {
      "id": 118,
      "name": "Goose_Bay",
      "timezone": "America/Goose_Bay"
    },
    {
      "id": 119,
      "name": "Grand_Turk",
      "timezone": "America/Grand_Turk"
    },
    {
      "id": 120,
      "name": "Grenada",
      "timezone": "America/Grenada"
    },
    {
      "id": 121,
      "name": "Guadeloupe",
      "timezone": "America/Guadeloupe"
    },
    {
      "id": 122,
      "name": "Guatemala",
      "timezone": "America/Guatemala"
    },
    {
      "id": 123,
      "name": "Guayaquil",
      "timezone": "America/Guayaquil"
    },
    {
      "id": 124,
      "name": "Guyana",
      "timezone": "America/Guyana"
    },
    {
      "id": 125,
      "name": "Halifax",
      "timezone": "America/Halifax"
    },
    {
      "id": 126,
      "name": "Havana",
      "timezone": "America/Havana"
    },
    {
      "id": 127,
      "name": "Hermosillo",
      "timezone": "America/Hermosillo"
    },
    {
      "id": 128,
      "name": "Indiana",
      "timezone": "America/Indiana/Indianapolis"
    },
    {
      "id": 129,
      "name": "Indiana",
      "timezone": "America/Indiana/Knox"
    },
    {
      "id": 130,
      "name": "Indiana",
      "timezone": "America/Indiana/Marengo"
    },
    {
      "id": 131,
      "name": "Indiana",
      "timezone": "America/Indiana/Petersburg"
    },
    {
      "id": 132,
      "name": "Indiana",
      "timezone": "America/Indiana/Tell_City"
    },
    {
      "id": 133,
      "name": "Indiana",
      "timezone": "America/Indiana/Vevay"
    },
    {
      "id": 134,
      "name": "Indiana",
      "timezone": "America/Indiana/Vincennes"
    },
    {
      "id": 135,
      "name": "Indiana",
      "timezone": "America/Indiana/Winamac"
    },
    {
      "id": 136,
      "name": "Indianapolis",
      "timezone": "America/Indianapolis"
    },
    {
      "id": 137,
      "name": "Inuvik",
      "timezone": "America/Inuvik"
    },
    {
      "id": 138,
      "name": "Iqaluit",
      "timezone": "America/Iqaluit"
    },
    {
      "id": 139,
      "name": "Jamaica",
      "timezone": "America/Jamaica"
    },
    {
      "id": 140,
      "name": "Jujuy",
      "timezone": "America/Jujuy"
    },
    {
      "id": 141,
      "name": "Juneau",
      "timezone": "America/Juneau"
    },
    {
      "id": 142,
      "name": "Kentucky",
      "timezone": "America/Kentucky/Louisville"
    },
    {
      "id": 143,
      "name": "Kentucky",
      "timezone": "America/Kentucky/Monticello"
    },
    {
      "id": 144,
      "name": "Knox_IN",
      "timezone": "America/Knox_IN"
    },
    {
      "id": 145,
      "name": "Kralendijk",
      "timezone": "America/Kralendijk"
    },
    {
      "id": 146,
      "name": "La_Paz",
      "timezone": "America/La_Paz"
    },
    {
      "id": 147,
      "name": "Lima",
      "timezone": "America/Lima"
    },
    {
      "id": 148,
      "name": "Los_Angeles",
      "timezone": "America/Los_Angeles"
    },
    {
      "id": 149,
      "name": "Louisville",
      "timezone": "America/Louisville"
    },
    {
      "id": 150,
      "name": "Lower_Princes",
      "timezone": "America/Lower_Princes"
    },
    {
      "id": 151,
      "name": "Maceio",
      "timezone": "America/Maceio"
    },
    {
      "id": 152,
      "name": "Managua",
      "timezone": "America/Managua"
    },
    {
      "id": 153,
      "name": "Manaus",
      "timezone": "America/Manaus"
    },
    {
      "id": 154,
      "name": "Marigot",
      "timezone": "America/Marigot"
    },
    {
      "id": 155,
      "name": "Martinique",
      "timezone": "America/Martinique"
    },
    {
      "id": 156,
      "name": "Matamoros",
      "timezone": "America/Matamoros"
    },
    {
      "id": 157,
      "name": "Mazatlan",
      "timezone": "America/Mazatlan"
    },
    {
      "id": 158,
      "name": "Mendoza",
      "timezone": "America/Mendoza"
    },
    {
      "id": 159,
      "name": "Menominee",
      "timezone": "America/Menominee"
    },
    {
      "id": 160,
      "name": "Merida",
      "timezone": "America/Merida"
    },
    {
      "id": 161,
      "name": "Metlakatla",
      "timezone": "America/Metlakatla"
    },
    {
      "id": 162,
      "name": "Mexico_City",
      "timezone": "America/Mexico_City"
    },
    {
      "id": 163,
      "name": "Miquelon",
      "timezone": "America/Miquelon"
    },
    {
      "id": 164,
      "name": "Moncton",
      "timezone": "America/Moncton"
    },
    {
      "id": 165,
      "name": "Monterrey",
      "timezone": "America/Monterrey"
    },
    {
      "id": 166,
      "name": "Montevideo",
      "timezone": "America/Montevideo"
    },
    {
      "id": 167,
      "name": "Montreal",
      "timezone": "America/Montreal"
    },
    {
      "id": 168,
      "name": "Montserrat",
      "timezone": "America/Montserrat"
    },
    {
      "id": 169,
      "name": "Nassau",
      "timezone": "America/Nassau"
    },
    {
      "id": 170,
      "name": "New_York",
      "timezone": "America/New_York"
    },
    {
      "id": 171,
      "name": "Nipigon",
      "timezone": "America/Nipigon"
    },
    {
      "id": 172,
      "name": "Nome",
      "timezone": "America/Nome"
    },
    {
      "id": 173,
      "name": "Noronha",
      "timezone": "America/Noronha"
    },
    {
      "id": 174,
      "name": "North_Dakota",
      "timezone": "America/North_Dakota/Beulah"
    },
    {
      "id": 175,
      "name": "North_Dakota",
      "timezone": "America/North_Dakota/Center"
    },
    {
      "id": 176,
      "name": "North_Dakota",
      "timezone": "America/North_Dakota/New_Salem"
    },
    {
      "id": 177,
      "name": "Nuuk",
      "timezone": "America/Nuuk"
    },
    {
      "id": 178,
      "name": "Ojinaga",
      "timezone": "America/Ojinaga"
    },
    {
      "id": 179,
      "name": "Panama",
      "timezone": "America/Panama"
    },
    {
      "id": 180,
      "name": "Pangnirtung",
      "timezone": "America/Pangnirtung"
    },
    {
      "id": 181,
      "name": "Paramaribo",
      "timezone": "America/Paramaribo"
    },
    {
      "id": 182,
      "name": "Phoenix",
      "timezone": "America/Phoenix"
    },
    {
      "id": 183,
      "name": "Port-au-Prince",
      "timezone": "America/Port-au-Prince"
    },
    {
      "id": 184,
      "name": "Port_of_Spain",
      "timezone": "America/Port_of_Spain"
    },
    {
      "id": 185,
      "name": "Porto_Acre",
      "timezone": "America/Porto_Acre"
    },
    {
      "id": 186,
      "name": "Porto_Velho",
      "timezone": "America/Porto_Velho"
    },
    {
      "id": 187,
      "name": "Puerto_Rico",
      "timezone": "America/Puerto_Rico"
    },
    {
      "id": 188,
      "name": "Punta_Arenas",
      "timezone": "America/Punta_Arenas"
    },
    {
      "id": 189,
      "name": "Rainy_River",
      "timezone": "America/Rainy_River"
    },
    {
      "id": 190,
      "name": "Rankin_Inlet",
      "timezone": "America/Rankin_Inlet"
    },
    {
      "id": 191,
      "name": "Recife",
      "timezone": "America/Recife"
    },
    {
      "id": 192,
      "name": "Regina",
      "timezone": "America/Regina"
    },
    {
      "id": 193,
      "name": "Resolute",
      "timezone": "America/Resolute"
    },
    {
      "id": 194,
      "name": "Rio_Branco",
      "timezone": "America/Rio_Branco"
    },
    {
      "id": 195,
      "name": "Rosario",
      "timezone": "America/Rosario"
    },
    {
      "id": 196,
      "name": "Santa_Isabel",
      "timezone": "America/Santa_Isabel"
    },
    {
      "id": 197,
      "name": "Santarem",
      "timezone": "America/Santarem"
    },
    {
      "id": 198,
      "name": "Santiago",
      "timezone": "America/Santiago"
    },
    {
      "id": 199,
      "name": "Santo_Domingo",
      "timezone": "America/Santo_Domingo"
    },
    {
      "id": 200,
      "name": "Sao_Paulo",
      "timezone": "America/Sao_Paulo"
    },
    {
      "id": 201,
      "name": "Scoresbysund",
      "timezone": "America/Scoresbysund"
    },
    {
      "id": 202,
      "name": "Shiprock",
      "timezone": "America/Shiprock"
    },
    {
      "id": 203,
      "name": "Sitka",
      "timezone": "America/Sitka"
    },
    {
      "id": 204,
      "name": "St_Barthelemy",
      "timezone": "America/St_Barthelemy"
    },
    {
      "id": 205,
      "name": "St_Johns",
      "timezone": "America/St_Johns"
    },
    {
      "id": 206,
      "name": "St_Kitts",
      "timezone": "America/St_Kitts"
    },
    {
      "id": 207,
      "name": "St_Lucia",
      "timezone": "America/St_Lucia"
    },
    {
      "id": 208,
      "name": "St_Thomas",
      "timezone": "America/St_Thomas"
    },
    {
      "id": 209,
      "name": "St_Vincent",
      "timezone": "America/St_Vincent"
    },
    {
      "id": 210,
      "name": "Swift_Current",
      "timezone": "America/Swift_Current"
    },
    {
      "id": 211,
      "name": "Tegucigalpa",
      "timezone": "America/Tegucigalpa"
    },
    {
      "id": 212,
      "name": "Thule",
      "timezone": "America/Thule"
    },
    {
      "id": 213,
      "name": "Thunder_Bay",
      "timezone": "America/Thunder_Bay"
    },
    {
      "id": 214,
      "name": "Tijuana",
      "timezone": "America/Tijuana"
    },
    {
      "id": 215,
      "name": "Toronto",
      "timezone": "America/Toronto"
    },
    {
      "id": 216,
      "name": "Tortola",
      "timezone": "America/Tortola"
    },
    {
      "id": 217,
      "name": "Vancouver",
      "timezone": "America/Vancouver"
    },
    {
      "id": 218,
      "name": "Virgin",
      "timezone": "America/Virgin"
    },
    {
      "id": 219,
      "name": "Whitehorse",
      "timezone": "America/Whitehorse"
    },
    {
      "id": 220,
      "name": "Winnipeg",
      "timezone": "America/Winnipeg"
    },
    {
      "id": 221,
      "name": "Yakutat",
      "timezone": "America/Yakutat"
    },
    {
      "id": 222,
      "name": "Yellowknife",
      "timezone": "America/Yellowknife"
    },
    {
      "id": 223,
      "name": "Casey",
      "timezone": "Antarctica/Casey"
    },
    {
      "id": 224,
      "name": "Davis",
      "timezone": "Antarctica/Davis"
    },
    {
      "id": 225,
      "name": "DumontDUrville",
      "timezone": "Antarctica/DumontDUrville"
    },
    {
      "id": 226,
      "name": "Macquarie",
      "timezone": "Antarctica/Macquarie"
    },
    {
      "id": 227,
      "name": "Mawson",
      "timezone": "Antarctica/Mawson"
    },
    {
      "id": 228,
      "name": "McMurdo",
      "timezone": "Antarctica/McMurdo"
    },
    {
      "id": 229,
      "name": "Palmer",
      "timezone": "Antarctica/Palmer"
    },
    {
      "id": 230,
      "name": "Rothera",
      "timezone": "Antarctica/Rothera"
    },
    {
      "id": 231,
      "name": "South_Pole",
      "timezone": "Antarctica/South_Pole"
    },
    {
      "id": 232,
      "name": "Syowa",
      "timezone": "Antarctica/Syowa"
    },
    {
      "id": 233,
      "name": "Troll",
      "timezone": "Antarctica/Troll"
    },
    {
      "id": 234,
      "name": "Vostok",
      "timezone": "Antarctica/Vostok"
    },
    {
      "id": 235,
      "name": "Longyearbyen",
      "timezone": "Arctic/Longyearbyen"
    },
    {
      "id": 236,
      "name": "Aden",
      "timezone": "Asia/Aden"
    },
    {
      "id": 237,
      "name": "Almaty",
      "timezone": "Asia/Almaty"
    },
    {
      "id": 238,
      "name": "Amman",
      "timezone": "Asia/Amman"
    },
    {
      "id": 239,
      "name": "Anadyr",
      "timezone": "Asia/Anadyr"
    },
    {
      "id": 240,
      "name": "Aqtau",
      "timezone": "Asia/Aqtau"
    },
    {
      "id": 241,
      "name": "Aqtobe",
      "timezone": "Asia/Aqtobe"
    },
    {
      "id": 242,
      "name": "Ashgabat",
      "timezone": "Asia/Ashgabat"
    },
    {
      "id": 243,
      "name": "Ashkhabad",
      "timezone": "Asia/Ashkhabad"
    },
    {
      "id": 244,
      "name": "Atyrau",
      "timezone": "Asia/Atyrau"
    },
    {
      "id": 245,
      "name": "Baghdad",
      "timezone": "Asia/Baghdad"
    },
    {
      "id": 246,
      "name": "Bahrain",
      "timezone": "Asia/Bahrain"
    },
    {
      "id": 247,
      "name": "Baku",
      "timezone": "Asia/Baku"
    },
    {
      "id": 248,
      "name": "Bangkok",
      "timezone": "Asia/Bangkok"
    },
    {
      "id": 249,
      "name": "Barnaul",
      "timezone": "Asia/Barnaul"
    },
    {
      "id": 250,
      "name": "Beirut",
      "timezone": "Asia/Beirut"
    },
    {
      "id": 251,
      "name": "Bishkek",
      "timezone": "Asia/Bishkek"
    },
    {
      "id": 252,
      "name": "Brunei",
      "timezone": "Asia/Brunei"
    },
    {
      "id": 253,
      "name": "Calcutta",
      "timezone": "Asia/Calcutta"
    },
    {
      "id": 254,
      "name": "Chita",
      "timezone": "Asia/Chita"
    },
    {
      "id": 255,
      "name": "Choibalsan",
      "timezone": "Asia/Choibalsan"
    },
    {
      "id": 256,
      "name": "Chongqing",
      "timezone": "Asia/Chongqing"
    },
    {
      "id": 257,
      "name": "Chungking",
      "timezone": "Asia/Chungking"
    },
    {
      "id": 258,
      "name": "Colombo",
      "timezone": "Asia/Colombo"
    },
    {
      "id": 259,
      "name": "Dacca",
      "timezone": "Asia/Dacca"
    },
    {
      "id": 260,
      "name": "Damascus",
      "timezone": "Asia/Damascus"
    },
    {
      "id": 261,
      "name": "Dhaka",
      "timezone": "Asia/Dhaka"
    },
    {
      "id": 262,
      "name": "Dili",
      "timezone": "Asia/Dili"
    },
    {
      "id": 263,
      "name": "Dubai",
      "timezone": "Asia/Dubai"
    },
    {
      "id": 264,
      "name": "Dushanbe",
      "timezone": "Asia/Dushanbe"
    },
    {
      "id": 265,
      "name": "Famagusta",
      "timezone": "Asia/Famagusta"
    },
    {
      "id": 266,
      "name": "Gaza",
      "timezone": "Asia/Gaza"
    },
    {
      "id": 267,
      "name": "Harbin",
      "timezone": "Asia/Harbin"
    },
    {
      "id": 268,
      "name": "Hebron",
      "timezone": "Asia/Hebron"
    },
    {
      "id": 269,
      "name": "Ho_Chi_Minh",
      "timezone": "Asia/Ho_Chi_Minh"
    },
    {
      "id": 270,
      "name": "Hong_Kong",
      "timezone": "Asia/Hong_Kong"
    },
    {
      "id": 271,
      "name": "Hovd",
      "timezone": "Asia/Hovd"
    },
    {
      "id": 272,
      "name": "Irkutsk",
      "timezone": "Asia/Irkutsk"
    },
    {
      "id": 273,
      "name": "Istanbul",
      "timezone": "Asia/Istanbul"
    },
    {
      "id": 274,
      "name": "Jakarta",
      "timezone": "Asia/Jakarta"
    },
    {
      "id": 275,
      "name": "Jayapura",
      "timezone": "Asia/Jayapura"
    },
    {
      "id": 276,
      "name": "Jerusalem",
      "timezone": "Asia/Jerusalem"
    },
    {
      "id": 277,
      "name": "Kabul",
      "timezone": "Asia/Kabul"
    },
    {
      "id": 278,
      "name": "Kamchatka",
      "timezone": "Asia/Kamchatka"
    },
    {
      "id": 279,
      "name": "Karachi",
      "timezone": "Asia/Karachi"
    },
    {
      "id": 280,
      "name": "Kashgar",
      "timezone": "Asia/Kashgar"
    },
    {
      "id": 281,
      "name": "Kathmandu",
      "timezone": "Asia/Kathmandu"
    },
    {
      "id": 282,
      "name": "Katmandu",
      "timezone": "Asia/Katmandu"
    },
    {
      "id": 283,
      "name": "Khandyga",
      "timezone": "Asia/Khandyga"
    },
    {
      "id": 284,
      "name": "Kolkata",
      "timezone": "Asia/Kolkata"
    },
    {
      "id": 285,
      "name": "Krasnoyarsk",
      "timezone": "Asia/Krasnoyarsk"
    },
    {
      "id": 286,
      "name": "Kuala_Lumpur",
      "timezone": "Asia/Kuala_Lumpur"
    },
    {
      "id": 287,
      "name": "Kuching",
      "timezone": "Asia/Kuching"
    },
    {
      "id": 288,
      "name": "Kuwait",
      "timezone": "Asia/Kuwait"
    },
    {
      "id": 289,
      "name": "Macao",
      "timezone": "Asia/Macao"
    },
    {
      "id": 290,
      "name": "Macau",
      "timezone": "Asia/Macau"
    },
    {
      "id": 291,
      "name": "Magadan",
      "timezone": "Asia/Magadan"
    },
    {
      "id": 292,
      "name": "Makassar",
      "timezone": "Asia/Makassar"
    },
    {
      "id": 293,
      "name": "Manila",
      "timezone": "Asia/Manila"
    },
    {
      "id": 294,
      "name": "Muscat",
      "timezone": "Asia/Muscat"
    },
    {
      "id": 295,
      "name": "Nicosia",
      "timezone": "Asia/Nicosia"
    },
    {
      "id": 296,
      "name": "Novokuznetsk",
      "timezone": "Asia/Novokuznetsk"
    },
    {
      "id": 297,
      "name": "Novosibirsk",
      "timezone": "Asia/Novosibirsk"
    },
    {
      "id": 298,
      "name": "Omsk",
      "timezone": "Asia/Omsk"
    },
    {
      "id": 299,
      "name": "Oral",
      "timezone": "Asia/Oral"
    },
    {
      "id": 300,
      "name": "Phnom_Penh",
      "timezone": "Asia/Phnom_Penh"
    },
    {
      "id": 301,
      "name": "Pontianak",
      "timezone": "Asia/Pontianak"
    },
    {
      "id": 302,
      "name": "Pyongyang",
      "timezone": "Asia/Pyongyang"
    },
    {
      "id": 303,
      "name": "Qatar",
      "timezone": "Asia/Qatar"
    },
    {
      "id": 304,
      "name": "Qostanay",
      "timezone": "Asia/Qostanay"
    },
    {
      "id": 305,
      "name": "Qyzylorda",
      "timezone": "Asia/Qyzylorda"
    },
    {
      "id": 306,
      "name": "Rangoon",
      "timezone": "Asia/Rangoon"
    },
    {
      "id": 307,
      "name": "Riyadh",
      "timezone": "Asia/Riyadh"
    },
    {
      "id": 308,
      "name": "Saigon",
      "timezone": "Asia/Saigon"
    },
    {
      "id": 309,
      "name": "Sakhalin",
      "timezone": "Asia/Sakhalin"
    },
    {
      "id": 310,
      "name": "Samarkand",
      "timezone": "Asia/Samarkand"
    },
    {
      "id": 311,
      "name": "Seoul",
      "timezone": "Asia/Seoul"
    },
    {
      "id": 312,
      "name": "Shanghai",
      "timezone": "Asia/Shanghai"
    },
    {
      "id": 313,
      "name": "Singapore",
      "timezone": "Asia/Singapore"
    },
    {
      "id": 314,
      "name": "Srednekolymsk",
      "timezone": "Asia/Srednekolymsk"
    },
    {
      "id": 315,
      "name": "Taipei",
      "timezone": "Asia/Taipei"
    },
    {
      "id": 316,
      "name": "Tashkent",
      "timezone": "Asia/Tashkent"
    },
    {
      "id": 317,
      "name": "Tbilisi",
      "timezone": "Asia/Tbilisi"
    },
    {
      "id": 318,
      "name": "Tehran",
      "timezone": "Asia/Tehran"
    },
    {
      "id": 319,
      "name": "Tel_Aviv",
      "timezone": "Asia/Tel_Aviv"
    },
    {
      "id": 320,
      "name": "Thimbu",
      "timezone": "Asia/Thimbu"
    },
    {
      "id": 321,
      "name": "Thimphu",
      "timezone": "Asia/Thimphu"
    },
    {
      "id": 322,
      "name": "Tokyo",
      "timezone": "Asia/Tokyo"
    },
    {
      "id": 323,
      "name": "Tomsk",
      "timezone": "Asia/Tomsk"
    },
    {
      "id": 324,
      "name": "Ujung_Pandang",
      "timezone": "Asia/Ujung_Pandang"
    },
    {
      "id": 325,
      "name": "Ulaanbaatar",
      "timezone": "Asia/Ulaanbaatar"
    },
    {
      "id": 326,
      "name": "Ulan_Bator",
      "timezone": "Asia/Ulan_Bator"
    },
    {
      "id": 327,
      "name": "Urumqi",
      "timezone": "Asia/Urumqi"
    },
    {
      "id": 328,
      "name": "Ust-Nera",
      "timezone": "Asia/Ust-Nera"
    },
    {
      "id": 329,
      "name": "Vientiane",
      "timezone": "Asia/Vientiane"
    },
    {
      "id": 330,
      "name": "Vladivostok",
      "timezone": "Asia/Vladivostok"
    },
    {
      "id": 331,
      "name": "Yakutsk",
      "timezone": "Asia/Yakutsk"
    },
    {
      "id": 332,
      "name": "Yangon",
      "timezone": "Asia/Yangon"
    },
    {
      "id": 333,
      "name": "Yekaterinburg",
      "timezone": "Asia/Yekaterinburg"
    },
    {
      "id": 334,
      "name": "Yerevan",
      "timezone": "Asia/Yerevan"
    },
    {
      "id": 335,
      "name": "Azores",
      "timezone": "Atlantic/Azores"
    },
    {
      "id": 336,
      "name": "Bermuda",
      "timezone": "Atlantic/Bermuda"
    },
    {
      "id": 337,
      "name": "Canary",
      "timezone": "Atlantic/Canary"
    },
    {
      "id": 338,
      "name": "Cape_Verde",
      "timezone": "Atlantic/Cape_Verde"
    },
    {
      "id": 339,
      "name": "Faeroe",
      "timezone": "Atlantic/Faeroe"
    },
    {
      "id": 340,
      "name": "Faroe",
      "timezone": "Atlantic/Faroe"
    },
    {
      "id": 341,
      "name": "Jan_Mayen",
      "timezone": "Atlantic/Jan_Mayen"
    },
    {
      "id": 342,
      "name": "Madeira",
      "timezone": "Atlantic/Madeira"
    },
    {
      "id": 343,
      "name": "Reykjavik",
      "timezone": "Atlantic/Reykjavik"
    },
    {
      "id": 344,
      "name": "South_Georgia",
      "timezone": "Atlantic/South_Georgia"
    },
    {
      "id": 345,
      "name": "St_Helena",
      "timezone": "Atlantic/St_Helena"
    },
    {
      "id": 346,
      "name": "Stanley",
      "timezone": "Atlantic/Stanley"
    },
    {
      "id": 347,
      "name": "ACT",
      "timezone": "Australia/ACT"
    },
    {
      "id": 348,
      "name": "Adelaide",
      "timezone": "Australia/Adelaide"
    },
    {
      "id": 349,
      "name": "Brisbane",
      "timezone": "Australia/Brisbane"
    },
    {
      "id": 350,
      "name": "Broken_Hill",
      "timezone": "Australia/Broken_Hill"
    },
    {
      "id": 351,
      "name": "Canberra",
      "timezone": "Australia/Canberra"
    },
    {
      "id": 352,
      "name": "Currie",
      "timezone": "Australia/Currie"
    },
    {
      "id": 353,
      "name": "Darwin",
      "timezone": "Australia/Darwin"
    },
    {
      "id": 354,
      "name": "Eucla",
      "timezone": "Australia/Eucla"
    },
    {
      "id": 355,
      "name": "Hobart",
      "timezone": "Australia/Hobart"
    },
    {
      "id": 356,
      "name": "LHI",
      "timezone": "Australia/LHI"
    },
    {
      "id": 357,
      "name": "Lindeman",
      "timezone": "Australia/Lindeman"
    },
    {
      "id": 358,
      "name": "Lord_Howe",
      "timezone": "Australia/Lord_Howe"
    },
    {
      "id": 359,
      "name": "Melbourne",
      "timezone": "Australia/Melbourne"
    },
    {
      "id": 360,
      "name": "NSW",
      "timezone": "Australia/NSW"
    },
    {
      "id": 361,
      "name": "North",
      "timezone": "Australia/North"
    },
    {
      "id": 362,
      "name": "Perth",
      "timezone": "Australia/Perth"
    },
    {
      "id": 363,
      "name": "Queensland",
      "timezone": "Australia/Queensland"
    },
    {
      "id": 364,
      "name": "South",
      "timezone": "Australia/South"
    },
    {
      "id": 365,
      "name": "Sydney",
      "timezone": "Australia/Sydney"
    },
    {
      "id": 366,
      "name": "Tasmania",
      "timezone": "Australia/Tasmania"
    },
    {
      "id": 367,
      "name": "Victoria",
      "timezone": "Australia/Victoria"
    },
    {
      "id": 368,
      "name": "West",
      "timezone": "Australia/West"
    },
    {
      "id": 369,
      "name": "Yancowinna",
      "timezone": "Australia/Yancowinna"
    },
    {
      "id": 370,
      "name": "Acre",
      "timezone": "Brazil/Acre"
    },
    {
      "id": 371,
      "name": "DeNoronha",
      "timezone": "Brazil/DeNoronha"
    },
    {
      "id": 372,
      "name": "East",
      "timezone": "Brazil/East"
    },
    {
      "id": 373,
      "name": "West",
      "timezone": "Brazil/West"
    },
    {
      "id": 374,
      "timezone": "CET"
    },
    {
      "id": 375,
      "timezone": "CST6CDT"
    },
    {
      "id": 376,
      "name": "Atlantic",
      "timezone": "Canada/Atlantic"
    },
    {
      "id": 377,
      "name": "Central",
      "timezone": "Canada/Central"
    },
    {
      "id": 378,
      "name": "Eastern",
      "timezone": "Canada/Eastern"
    },
    {
      "id": 379,
      "name": "Mountain",
      "timezone": "Canada/Mountain"
    },
    {
      "id": 380,
      "name": "Newfoundland",
      "timezone": "Canada/Newfoundland"
    },
    {
      "id": 381,
      "name": "Pacific",
      "timezone": "Canada/Pacific"
    },
    {
      "id": 382,
      "name": "Saskatchewan",
      "timezone": "Canada/Saskatchewan"
    },
    {
      "id": 383,
      "name": "Yukon",
      "timezone": "Canada/Yukon"
    },
    {
      "id": 384,
      "name": "Continental",
      "timezone": "Chile/Continental"
    },
    {
      "id": 385,
      "name": "EasterIsland",
      "timezone": "Chile/EasterIsland"
    },
    {
      "id": 386,
      "timezone": "Cuba"
    },
    {
      "id": 387,
      "timezone": "EET"
    },
    {
      "id": 388,
      "timezone": "EST"
    },
    {
      "id": 389,
      "timezone": "EST5EDT"
    },
    {
      "id": 390,
      "timezone": "Egypt"
    },
    {
      "id": 391,
      "timezone": "Eire"
    },
    {
      "id": 392,
      "name": "GMT",
      "timezone": "Etc/GMT"
    },
    {
      "id": 393,
      "name": "GMT+0",
      "timezone": "Etc/GMT+0"
    },
    {
      "id": 394,
      "name": "GMT+1",
      "timezone": "Etc/GMT+1"
    },
    {
      "id": 395,
      "name": "GMT+10",
      "timezone": "Etc/GMT+10"
    },
    {
      "id": 396,
      "name": "GMT+11",
      "timezone": "Etc/GMT+11"
    },
    {
      "id": 397,
      "name": "GMT+12",
      "timezone": "Etc/GMT+12"
    },
    {
      "id": 398,
      "name": "GMT+2",
      "timezone": "Etc/GMT+2"
    },
    {
      "id": 399,
      "name": "GMT+3",
      "timezone": "Etc/GMT+3"
    },
    {
      "id": 400,
      "name": "GMT+4",
      "timezone": "Etc/GMT+4"
    },
    {
      "id": 401,
      "name": "GMT+5",
      "timezone": "Etc/GMT+5"
    },
    {
      "id": 402,
      "name": "GMT+6",
      "timezone": "Etc/GMT+6"
    },
    {
      "id": 403,
      "name": "GMT+7",
      "timezone": "Etc/GMT+7"
    },
    {
      "id": 404,
      "name": "GMT+8",
      "timezone": "Etc/GMT+8"
    },
    {
      "id": 405,
      "name": "GMT+9",
      "timezone": "Etc/GMT+9"
    },
    {
      "id": 406,
      "name": "GMT-0",
      "timezone": "Etc/GMT-0"
    },
    {
      "id": 407,
      "name": "GMT-1",
      "timezone": "Etc/GMT-1"
    },
    {
      "id": 408,
      "name": "GMT-10",
      "timezone": "Etc/GMT-10"
    },
    {
      "id": 409,
      "name": "GMT-11",
      "timezone": "Etc/GMT-11"
    },
    {
      "id": 410,
      "name": "GMT-12",
      "timezone": "Etc/GMT-12"
    },
    {
      "id": 411,
      "name": "GMT-13",
      "timezone": "Etc/GMT-13"
    },
    {
      "id": 412,
      "name": "GMT-14",
      "timezone": "Etc/GMT-14"
    },
    {
      "id": 413,
      "name": "GMT-2",
      "timezone": "Etc/GMT-2"
    },
    {
      "id": 414,
      "name": "GMT-3",
      "timezone": "Etc/GMT-3"
    },
    {
      "id": 415,
      "name": "GMT-4",
      "timezone": "Etc/GMT-4"
    },
    {
      "id": 416,
      "name": "GMT-5",
      "timezone": "Etc/GMT-5"
    },
    {
      "id": 417,
      "name": "GMT-6",
      "timezone": "Etc/GMT-6"
    },
    {
      "id": 418,
      "name": "GMT-7",
      "timezone": "Etc/GMT-7"
    },
    {
      "id": 419,
      "name": "GMT-8",
      "timezone": "Etc/GMT-8"
    },
    {
      "id": 420,
      "name": "GMT-9",
      "timezone": "Etc/GMT-9"
    },
    {
      "id": 421,
      "name": "GMT0",
      "timezone": "Etc/GMT0"
    },
    {
      "id": 422,
      "name": "Greenwich",
      "timezone": "Etc/Greenwich"
    },
    {
      "id": 423,
      "name": "UCT",
      "timezone": "Etc/UCT"
    },
    {
      "id": 424,
      "name": "UTC",
      "timezone": "Etc/UTC"
    },
    {
      "id": 425,
      "name": "Universal",
      "timezone": "Etc/Universal"
    },
    {
      "id": 426,
      "name": "Zulu",
      "timezone": "Etc/Zulu"
    },
    {
      "id": 427,
      "name": "Amsterdam",
      "timezone": "Europe/Amsterdam"
    },
    {
      "id": 428,
      "name": "Andorra",
      "timezone": "Europe/Andorra"
    },
    {
      "id": 429,
      "name": "Astrakhan",
      "timezone": "Europe/Astrakhan"
    },
    {
      "id": 430,
      "name": "Athens",
      "timezone": "Europe/Athens"
    },
    {
      "id": 431,
      "name": "Belfast",
      "timezone": "Europe/Belfast"
    },
    {
      "id": 432,
      "name": "Belgrade",
      "timezone": "Europe/Belgrade"
    },
    {
      "id": 433,
      "name": "Berlin",
      "timezone": "Europe/Berlin"
    },
    {
      "id": 434,
      "name": "Bratislava",
      "timezone": "Europe/Bratislava"
    },
    {
      "id": 435,
      "name": "Brussels",
      "timezone": "Europe/Brussels"
    },
    {
      "id": 436,
      "name": "Bucharest",
      "timezone": "Europe/Bucharest"
    },
    {
      "id": 437,
      "name": "Budapest",
      "timezone": "Europe/Budapest"
    },
    {
      "id": 438,
      "name": "Busingen",
      "timezone": "Europe/Busingen"
    },
    {
      "id": 439,
      "name": "Chisinau",
      "timezone": "Europe/Chisinau"
    },
    {
      "id": 440,
      "name": "Copenhagen",
      "timezone": "Europe/Copenhagen"
    },
    {
      "id": 441,
      "name": "Dublin",
      "timezone": "Europe/Dublin"
    },
    {
      "id": 442,
      "name": "Gibraltar",
      "timezone": "Europe/Gibraltar"
    },
    {
      "id": 443,
      "name": "Guernsey",
      "timezone": "Europe/Guernsey"
    },
    {
      "id": 444,
      "name": "Helsinki",
      "timezone": "Europe/Helsinki"
    },
    {
      "id": 445,
      "name": "Isle_of_Man",
      "timezone": "Europe/Isle_of_Man"
    },
    {
      "id": 446,
      "name": "Istanbul",
      "timezone": "Europe/Istanbul"
    },
    {
      "id": 447,
      "name": "Jersey",
      "timezone": "Europe/Jersey"
    },
    {
      "id": 448,
      "name": "Kaliningrad",
      "timezone": "Europe/Kaliningrad"
    },
    {
      "id": 449,
      "name": "Kiev",
      "timezone": "Europe/Kiev"
    },
    {
      "id": 450,
      "name": "Kirov",
      "timezone": "Europe/Kirov"
    },
    {
      "id": 451,
      "name": "Kyiv",
      "timezone": "Europe/Kyiv"
    },
    {
      "id": 452,
      "name": "Lisbon",
      "timezone": "Europe/Lisbon"
    },
    {
      "id": 453,
      "name": "Ljubljana",
      "timezone": "Europe/Ljubljana"
    },
    {
      "id": 454,
      "name": "London",
      "timezone": "Europe/London"
    },
    {
      "id": 455,
      "name": "Luxembourg",
      "timezone": "Europe/Luxembourg"
    },
    {
      "id": 456,
      "name": "Madrid",
      "timezone": "Europe/Madrid"
    },
    {
      "id": 457,
      "name": "Malta",
      "timezone": "Europe/Malta"
    },
    {
      "id": 458,
      "name": "Mariehamn",
      "timezone": "Europe/Mariehamn"
    },
    {
      "id": 459,
      "name": "Minsk",
      "timezone": "Europe/Minsk"
    },
    {
      "id": 460,
      "name": "Monaco",
      "timezone": "Europe/Monaco"
    },
    {
      "id": 461,
      "name": "Moscow",
      "timezone": "Europe/Moscow"
    },
    {
      "id": 462,
      "name": "Nicosia",
      "timezone": "Europe/Nicosia"
    },
    {
      "id": 463,
      "name": "Oslo",
      "timezone": "Europe/Oslo"
    },
    {
      "id": 464,
      "name": "Paris",
      "timezone": "Europe/Paris"
    },
    {
      "id": 465,
      "name": "Podgorica",
      "timezone": "Europe/Podgorica"
    },
    {
      "id": 466,
      "name": "Prague",
      "timezone": "Europe/Prague"
    },
    {
      "id": 467,
      "name": "Riga",
      "timezone": "Europe/Riga"
    },
    {
      "id": 468,
      "name": "Rome",
      "timezone": "Europe/Rome"
    },
    {
      "id": 469,
      "name": "Samara",
      "timezone": "Europe/Samara"
    },
    {
      "id": 470,
      "name": "San_Marino",
      "timezone": "Europe/San_Marino"
    },
    {
      "id": 471,
      "name": "Sarajevo",
      "timezone": "Europe/Sarajevo"
    },
    {
      "id": 472,
      "name": "Saratov",
      "timezone": "Europe/Saratov"
    },
    {
      "id": 473,
      "name": "Simferopol",
      "timezone": "Europe/Simferopol"
    },
    {
      "id": 474,
      "name": "Skopje",
      "timezone": "Europe/Skopje"
    },
    {
      "id": 475,
      "name": "Sofia",
      "timezone": "Europe/Sofia"
    },
    {
      "id": 476,
      "name": "Stockholm",
      "timezone": "Europe/Stockholm"
    },
    {
      "id": 477,
      "name": "Tallinn",
      "timezone": "Europe/Tallinn"
    },
    {
      "id": 478,
      "name": "Tirane",
      "timezone": "Europe/Tirane"
    },
    {
      "id": 479,
      "name": "Tiraspol",
      "timezone": "Europe/Tiraspol"
    },
    {
      "id": 480,
      "name": "Ulyanovsk",
      "timezone": "Europe/Ulyanovsk"
    },
    {
      "id": 481,
      "name": "Uzhgorod",
      "timezone": "Europe/Uzhgorod"
    },
    {
      "id": 482,
      "name": "Vaduz",
      "timezone": "Europe/Vaduz"
    },
    {
      "id": 483,
      "name": "Vatican",
      "timezone": "Europe/Vatican"
    },
    {
      "id": 484,
      "name": "Vienna",
      "timezone": "Europe/Vienna"
    },
    {
      "id": 485,
      "name": "Vilnius",
      "timezone": "Europe/Vilnius"
    },
    {
      "id": 486,
      "name": "Volgograd",
      "timezone": "Europe/Volgograd"
    },
    {
      "id": 487,
      "name": "Warsaw",
      "timezone": "Europe/Warsaw"
    },
    {
      "id": 488,
      "name": "Zagreb",
      "timezone": "Europe/Zagreb"
    },
    {
      "id": 489,
      "name": "Zaporozhye",
      "timezone": "Europe/Zaporozhye"
    },
    {
      "id": 490,
      "name": "Zurich",
      "timezone": "Europe/Zurich"
    },
    {
      "id": 491,
      "timezone": "GB"
    },
    {
      "id": 492,
      "timezone": "GB-Eire"
    },
    {
      "id": 493,
      "timezone": "GMT"
    },
    {
      "id": 494,
      "timezone": "GMT+0"
    },
    {
      "id": 495,
      "timezone": "GMT-0"
    },
    {
      "id": 496,
      "timezone": "GMT0"
    },
    {
      "id": 497,
      "timezone": "Greenwich"
    },
    {
      "id": 498,
      "timezone": "HST"
    },
    {
      "id": 499,
      "timezone": "Hongkong"
    },
    {
      "id": 500,
      "timezone": "Iceland"
    },
    {
      "id": 501,
      "name": "Antananarivo",
      "timezone": "Indian/Antananarivo"
    },
    {
      "id": 502,
      "name": "Chagos",
      "timezone": "Indian/Chagos"
    },
    {
      "id": 503,
      "name": "Christmas",
      "timezone": "Indian/Christmas"
    },
    {
      "id": 504,
      "name": "Cocos",
      "timezone": "Indian/Cocos"
    },
    {
      "id": 505,
      "name": "Comoro",
      "timezone": "Indian/Comoro"
    },
    {
      "id": 506,
      "name": "Kerguelen",
      "timezone": "Indian/Kerguelen"
    },
    {
      "id": 507,
      "name": "Mahe",
      "timezone": "Indian/Mahe"
    },
    {
      "id": 508,
      "name": "Maldives",
      "timezone": "Indian/Maldives"
    },
    {
      "id": 509,
      "name": "Mauritius",
      "timezone": "Indian/Mauritius"
    },
    {
      "id": 510,
      "name": "Mayotte",
      "timezone": "Indian/Mayotte"
    },
    {
      "id": 511,
      "name": "Reunion",
      "timezone": "Indian/Reunion"
    },
    {
      "id": 512,
      "timezone": "Iran"
    },
    {
      "id": 513,
      "timezone": "Israel"
    },
    {
      "id": 514,
      "timezone": "Jamaica"
    },
    {
      "id": 515,
      "timezone": "Japan"
    },
    {
      "id": 516,
      "timezone": "Kwajalein"
    },
    {
      "id": 517,
      "timezone": "Libya"
    },
    {
      "id": 518,
      "timezone": "MET"
    },
    {
      "id": 519,
      "timezone": "MST"
    },
    {
      "id": 520,
      "timezone": "MST7MDT"
    },
    {
      "id": 521,
      "name": "BajaNorte",
      "timezone": "Mexico/BajaNorte"
    },
    {
      "id": 522,
      "name": "BajaSur",
      "timezone": "Mexico/BajaSur"
    },
    {
      "id": 523,
      "name": "General",
      "timezone": "Mexico/General"
    },
    {
      "id": 524,
      "timezone": "NZ"
    },
    {
      "id": 525,
      "timezone": "NZ-CHAT"
    },
    {
      "id": 526,
      "timezone": "Navajo"
    },
    {
      "id": 527,
      "timezone": "PRC"
    },
    {
      "id": 528,
      "timezone": "PST8PDT"
    },
    {
      "id": 529,
      "name": "Apia",
      "timezone": "Pacific/Apia"
    },
    {
      "id": 530,
      "name": "Auckland",
      "timezone": "Pacific/Auckland"
    },
    {
      "id": 531,
      "name": "Bougainville",
      "timezone": "Pacific/Bougainville"
    },
    {
      "id": 532,
      "name": "Chatham",
      "timezone": "Pacific/Chatham"
    },
    {
      "id": 533,
      "name": "Chuuk",
      "timezone": "Pacific/Chuuk"
    },
    {
      "id": 534,
      "name": "Easter",
      "timezone": "Pacific/Easter"
    },
    {
      "id": 535,
      "name": "Efate",
      "timezone": "Pacific/Efate"
    },
    {
      "id": 536,
      "name": "Enderbury",
      "timezone": "Pacific/Enderbury"
    },
    {
      "id": 537,
      "name": "Fakaofo",
      "timezone": "Pacific/Fakaofo"
    },
    {
      "id": 538,
      "name": "Fiji",
      "timezone": "Pacific/Fiji"
    },
    {
      "id": 539,
      "name": "Funafuti",
      "timezone": "Pacific/Funafuti"
    },
    {
      "id": 540,
      "name": "Galapagos",
      "timezone": "Pacific/Galapagos"
    },
    {
      "id": 541,
      "name": "Gambier",
      "timezone": "Pacific/Gambier"
    },
    {
      "id": 542,
      "name": "Guadalcanal",
      "timezone": "Pacific/Guadalcanal"
    },
    {
      "id": 543,
      "name": "Guam",
      "timezone": "Pacific/Guam"
    },
    {
      "id": 544,
      "name": "Honolulu",
      "timezone": "Pacific/Honolulu"
    },
    {
      "id": 545,
      "name": "Johnston",
      "timezone": "Pacific/Johnston"
    },
    {
      "id": 546,
      "name": "Kanton",
      "timezone": "Pacific/Kanton"
    },
    {
      "id": 547,
      "name": "Kiritimati",
      "timezone": "Pacific/Kiritimati"
    },
    {
      "id": 548,
      "name": "Kosrae",
      "timezone": "Pacific/Kosrae"
    },
    {
      "id": 549,
      "name": "Kwajalein",
      "timezone": "Pacific/Kwajalein"
    },
    {
      "id": 550,
      "name": "Majuro",
      "timezone": "Pacific/Majuro"
    },
    {
      "id": 551,
      "name": "Marquesas",
      "timezone": "Pacific/Marquesas"
    },
    {
      "id": 552,
      "name": "Midway",
      "timezone": "Pacific/Midway"
    },
    {
      "id": 553,
      "name": "Nauru",
      "timezone": "Pacific/Nauru"
    },
    {
      "id": 554,
      "name": "Niue",
      "timezone": "Pacific/Niue"
    },
    {
      "id": 555,
      "name": "Norfolk",
      "timezone": "Pacific/Norfolk"
    },
    {
      "id": 556,
      "name": "Noumea",
      "timezone": "Pacific/Noumea"
    },
    {
      "id": 557,
      "name": "Pago_Pago",
      "timezone": "Pacific/Pago_Pago"
    },
    {
      "id": 558,
      "name": "Palau",
      "timezone": "Pacific/Palau"
    },
    {
      "id": 559,
      "name": "Pitcairn",
      "timezone": "Pacific/Pitcairn"
    },
    {
      "id": 560,
      "name": "Pohnpei",
      "timezone": "Pacific/Pohnpei"
    },
    {
      "id": 561,
      "name": "Ponape",
      "timezone": "Pacific/Ponape"
    },
    {
      "id": 562,
      "name": "Port_Moresby",
      "timezone": "Pacific/Port_Moresby"
    },
    {
      "id": 563,
      "name": "Rarotonga",
      "timezone": "Pacific/Rarotonga"
    },
    {
      "id": 564,
      "name": "Saipan",
      "timezone": "Pacific/Saipan"
    },
    {
      "id": 565,
      "name": "Samoa",
      "timezone": "Pacific/Samoa"
    },
    {
      "id": 566,
      "name": "Tahiti",
      "timezone": "Pacific/Tahiti"
    },
    {
      "id": 567,
      "name": "Tarawa",
      "timezone": "Pacific/Tarawa"
    },
    {
      "id": 568,
      "name": "Tongatapu",
      "timezone": "Pacific/Tongatapu"
    },
    {
      "id": 569,
      "name": "Truk",
      "timezone": "Pacific/Truk"
    },
    {
      "id": 570,
      "name": "Wake",
      "timezone": "Pacific/Wake"
    },
    {
      "id": 571,
      "name": "Wallis",
      "timezone": "Pacific/Wallis"
    },
    {
      "id": 572,
      "name": "Yap",
      "timezone": "Pacific/Yap"
    },
    {
      "id": 573,
      "timezone": "Poland"
    },
    {
      "id": 574,
      "timezone": "Portugal"
    },
    {
      "id": 575,
      "timezone": "ROC"
    },
    {
      "id": 576,
      "timezone": "ROK"
    },
    {
      "id": 577,
      "timezone": "Singapore"
    },
    {
      "id": 578,
      "timezone": "Turkey"
    },
    {
      "id": 579,
      "timezone": "UCT"
    },
    {
      "id": 580,
      "name": "Alaska",
      "timezone": "US/Alaska"
    },
    {
      "id": 581,
      "name": "Aleutian",
      "timezone": "US/Aleutian"
    },
    {
      "id": 582,
      "name": "Arizona",
      "timezone": "US/Arizona"
    },
    {
      "id": 583,
      "name": "Central",
      "timezone": "US/Central"
    },
    {
      "id": 584,
      "name": "East-Indiana",
      "timezone": "US/East-Indiana"
    },
    {
      "id": 585,
      "name": "Eastern",
      "timezone": "US/Eastern"
    },
    {
      "id": 586,
      "name": "Hawaii",
      "timezone": "US/Hawaii"
    },
    {
      "id": 587,
      "name": "Indiana-Starke",
      "timezone": "US/Indiana-Starke"
    },
    {
      "id": 588,
      "name": "Michigan",
      "timezone": "US/Michigan"
    },
    {
      "id": 589,
      "name": "Mountain",
      "timezone": "US/Mountain"
    },
    {
      "id": 590,
      "name": "Pacific",
      "timezone": "US/Pacific"
    },
    {
      "id": 591,
      "name": "Samoa",
      "timezone": "US/Samoa"
    },
    {
      "id": 592,
      "timezone": "UTC"
    },
    {
      "id": 593,
      "timezone": "Universal"
    },
    {
      "id": 594,
      "timezone": "W-SU"
    },
    {
      "id": 595,
      "timezone": "WET"
    },
    {
      "id": 596,
      "timezone": "Zulu"
    },
    {
      "id": 1691869620861,
      "name": "New York",
      "timezone": "America/New_York"
    },
    {
      "id": 1691869732395,
      "name": "j",
      "timezone": "kk"
    },
    {
      "id": 1691870071931,
      "name": "jkss",
      "timezone": "gg"
    },
    {
      "id": 1691870167613,
      "name": "gggg",
      "timezone": "fg"
    },
    {
      "id": 1691870285504,
      "name": "dsd",
      "timezone": "dsvgg"
    },
    {
      "id": 1691870659969,
      "name": "xsd",
      "timezone": "kdjf"
    },
    {
      "id": 1691870669617,
      "name": "dfc",
      "timezone": "dfvfdv"
    },
    {
      "id": 1691872430019,
      "name": "sas",
      "timezone": "sfdkvg "
    }
  ]
}